polarity,tau,depth_m,epsilon_tilt_median,epsilon_curvature_median,epsilon_curvature_p90,jacobian_min,jacobian_max,metric_valid_fraction,metric_invalid_or_large_curvature_fraction
anticyclonic,0.5,0.5057600140571594,1673.5436887849967,0.27880609888646896,0.49255744136609514,0.45421686037116327,1.5457831396288368,1.0,0.0
anticyclonic,0.5,1.5558552742004395,1372.634454609835,3.981877196424546,7.034649713683365,-6.79112700612222,8.79112700612222,0.125,0.875
anticyclonic,0.5,2.6676816940307617,787.6181842834678,16.244362172679722,28.698373171734175,-30.811181999964518,32.81118199996452,0.041666666666666664,0.9583333333333334
anticyclonic,0.5,3.8562798500061035,592.8364027204559,8.604578753164654,15.20142246392422,-15.847507610893665,17.847507610893665,0.041666666666666664,0.9583333333333334
anticyclonic,0.5,5.140361309051514,488.69827108547776,10.158580035796863,17.94682472990779,-18.88039530274751,20.88039530274751,0.041666666666666664,0.9583333333333334
anticyclonic,0.5,6.543033599853516,383.3850995005656,17.675160661010857,31.22611716778584,-33.61145448001653,35.61145448001653,0.041666666666666664,0.9583333333333334
anticyclonic,0.5,8.09251880645752,353.1850058433795,35.13824816566364,62.0775717593391,-67.75419790267945,69.75419790267945,0.0,1.0
anticyclonic,0.5,9.822750091552734,211.77877026396723,64.32098883323071,113.6337469387076,-124.87721835079513,126.87721835079513,0.0,1.0
anticyclonic,0.5,11.773679733276367,259.10321761692495,7.435276723484119,13.135655544821944,-13.559915397465858,15.559915397465858,0.08333333333333333,0.9166666666666666
anticyclonic,0.5,13.99103832244873,217.1349047515946,32.09541911939303,56.701907110927685,-61.814778245394024,63.814778245394024,0.0,1.0
anticyclonic,0.5,16.52532196044922,235.634519932237,6.28606993994813,11.105390227241696,-11.30825895253635,13.30825895253635,0.08333333333333333,0.9166666666666666
anticyclonic,0.5,19.42980194091797,221.55109515944926,51.0557593716573,90.19850822326123,-98.89446560814675,100.89446560814676,0.0,1.0
anticyclonic,0.5,22.75761604309082,230.1306330970688,38.67266461305468,68.32170748306328,-74.7300551488957,76.73005514889569,0.0,1.0
anticyclonic,0.5,26.558300018310547,255.14723447677184,19.760161313794733,34.909618321037364,-37.68935046280674,39.68935046280674,0.041666666666666664,0.9583333333333334
anticyclonic,0.5,30.874561309814453,187.06072406877607,11.76356442168672,20.78229714497987,-22.026875906036057,24.02687590603606,0.041666666666666664,0.9583333333333334
anticyclonic,0.5,35.740203857421875,104.0360620772648,42.46442645835634,75.02048674309621,-82.15946498956609,84.15946498956609,0.0,1.0
anticyclonic,0.5,41.180023193359375,40.542635674781096,94.95288571391004,167.75009809457438,-184.92637402697306,186.92637402697306,0.0,1.0
anticyclonic,0.5,47.21189498901367,79.00081398581277,95.92651639206477,169.47017895931444,-186.84838389152105,188.84838389152108,0.0,1.0
anticyclonic,0.5,53.85063552856445,120.40765784752307,28.03182227720512,49.52288602306238,-53.894456095603424,55.894456095603424,0.0,1.0
anticyclonic,0.5,61.11283874511719,28.10499793579307,49.38430731812156,87.24560959534809,-95.69425026575503,97.69425026575503,0.0,1.0
anticyclonic,0.5,69.02168273925781,41.837928351255044,80.14920437319785,141.59692772598288,-155.95264504876266,157.95264504876266,0.0,1.0
anticyclonic,0.5,77.61116027832031,44.94571035230957,34.41159685222304,60.79382110559404,-66.38901452887349,68.38901452887349,0.0,1.0
anticyclonic,0.5,86.92942810058594,38.420522323653245,59.79349546037386,105.63517531332717,-116.00532089936515,118.00532089936515,0.0,1.0
anticyclonic,0.5,97.04131317138672,68.2018313486294,15.911735849507584,28.110733334130064,-30.131900508687423,32.13190050868742,0.041666666666666664,0.9583333333333334
anticyclonic,0.5,108.03028106689453,68.11109441255047,3.093828967158448,5.465764508646591,-5.0572952450917,7.0572952450917,0.16666666666666666,0.8333333333333334
anticyclonic,0.5,120.0,56.55122988913423,1.2648197818456113,2.234514947927247,-1.4751039577021152,3.475103957702115,0.375,0.625
anticyclonic,0.5,133.07582092285156,45.960297445339535,22.328467628641192,39.446959477266105,-42.70914328344064,44.70914328344064,0.041666666666666664,0.9583333333333334
anticyclonic,0.5,147.40625,38.6251070362081,28.881750247326217,51.02442543694298,-55.54493887342694,57.544938873426936,0.0,1.0
anticyclonic,0.5,163.16445922851562,43.26710884752679,34.5996992021629,61.12613525715446,-66.75660586372264,68.75660586372264,0.0,1.0
anticyclonic,0.5,180.5499267578125,46.52996663936578,7.2481999197580675,12.805153191572586,-13.181363871294215,15.181363871294216,0.08333333333333333,0.9166666666666666
anticyclonic,0.5,199.7899627685547,31.719913494195385,26.040725035141072,46.00528089541589,-49.99519395578013,51.99519395578013,0.0,1.0
anticyclonic,0.5,221.14117431640625,26.241650926224715,5.950154517443117,10.51193964748284,-10.651703917541774,12.651703917541774,0.08333333333333333,0.9166666666666666
anticyclonic,0.5,244.890625,7.131243402691764,269.96515586904457,476.9384420353121,-527.6187871300563,529.6187871300563,0.0,1.0
anticyclonic,0.5,271.35638427734375,9.228711373623403,258.46123135925563,456.61484206801833,-504.7176689700338,506.71766897003374,0.0,1.0
anticyclonic,0.5,300.88751220703125,17.60816942163609,32.047816298834455,56.617808794607534,-61.72981118882721,63.72981118882721,0.0,1.0
anticyclonic,0.5,333.8628234863281,19.944676587277662,66.42296869935171,117.34724470218801,-129.0505390212648,131.0505390212648,0.0,1.0
anticyclonic,0.5,370.6884765625,8.607534351614726,168.34716604824723,297.4133266852368,-328.5654325619116,330.5654325619116,0.0,1.0
anticyclonic,0.5,411.7938537597656,12.001232082100156,117.70203595519965,207.9402635208527,-229.46233960070631,231.46233960070631,0.0,1.0
anticyclonic,0.5,457.6256103515625,24.74423663282845,20.184821705377892,35.65985167950094,-38.528595104663154,40.52859510466315,0.041666666666666664,0.9583333333333334
anticyclonic,0.5,508.639892578125,31.165624270661702,4.64794767124788,8.211374219204588,-8.097768765421403,10.097768765421403,0.125,0.875
anticyclonic,0.5,565.2922973632812,36.18197770279666,7.563960206025468,13.362996363978326,-13.79902481937075,15.79902481937075,0.08333333333333333,0.9166666666666666
anticyclonic,0.5,628.0260009765625,36.617929658079085,14.080982235558189,24.876401949486134,-26.575184148597334,28.575184148597334,0.041666666666666664,0.9583333333333334
anticyclonic,0.5,697.2586669921875,15.748309569193978,48.69207893893694,86.02267279212192,-94.32653528361216,96.32653528361216,0.0,1.0
anticyclonic,0.5,773.3682861328125,23.317244310108673,15.084530489154888,26.64933719750697,-28.529470062289477,30.529470062289477,0.041666666666666664,0.9583333333333334
anticyclonic,0.5,856.678955078125,11.548073850904284,45.17197739698819,79.80382673467913,-87.45257588241287,89.45257588241286,0.0,1.0
anticyclonic,0.5,947.4478759765625,5.385091612611827,116.64522223599587,206.07322595025934,-227.37715115680996,229.37715115680996,0.0,1.0
anticyclonic,0.5,1045.854248046875,10.520549791468259,49.29781283291549,87.09280267148404,-95.5402804701803,97.5402804701803,0.0,1.0
anticyclonic,0.5,1151.9912109375,13.03640324289975,29.798159008297965,52.64341424799307,-57.34129640157279,59.341296401572784,0.0,1.0
anticyclonic,0.5,1265.8614501953125,46.771019335967736,0.1835585268918699,0.32428673084230347,0.6407993044271535,1.3592006955728466,1.0,0.0
anticyclonic,0.5,1387.376953125,57.69727487536414,2.3403159336990145,4.134558149534926,-3.580435426235426,5.580435426235427,0.20833333333333334,0.7916666666666666
anticyclonic,0.5,1516.3636474609375,40.29184840492819,2.941776854885002,5.1971391102968365,-4.758211987489569,6.758211987489569,0.16666666666666666,0.8333333333333334
anticyclonic,0.5,1652.5684814453125,37.6862128243281,7.342066811793536,12.970984700835245,-13.368691290690315,15.368691290690316,0.08333333333333333,0.9166666666666666
anticyclonic,0.5,1795.6707763671875,31.724345379650075,12.080914079830563,21.342948207700662,-22.6582264041288,24.6582264041288,0.041666666666666664,0.9583333333333334
anticyclonic,0.5,1945.2955322265625,6.0888584659393015,133.3172936957601,235.5272188625095,-259.8445191143353,261.8445191143353,0.0,1.0
cyclonic,0.5,0.5057600140571594,1489.2326194452453,2.6730647439710635,4.722414381015545,-4.233079743224145,6.233079743224145,0.16666666666666666,0.8333333333333334
cyclonic,0.5,1.5558552742004395,1044.5350411397908,3.833930859120543,6.77327785111296,-6.5076656189647935,8.507665618964793,0.125,0.875
cyclonic,0.5,2.6676816940307617,599.5113967933038,10.042423123765968,17.741614185319875,-18.65001109385635,20.650011093856346,0.041666666666666664,0.9583333333333334
cyclonic,0.5,3.8562798500061035,571.224757837702,15.342262808436075,27.104664294903735,-29.044846127807226,31.044846127807226,0.041666666666666664,0.9583333333333334
cyclonic,0.5,5.140361309051514,566.4539775456755,15.736127802685143,27.800492451410417,-29.808827317674474,31.80882731767447,0.041666666666666664,0.9583333333333334
cyclonic,0.5,6.543033599853516,534.5662007244997,38.05895705212605,67.23749079208936,-73.49606802381521,75.4960680238152,0.0,1.0
cyclonic,0.5,8.09251880645752,432.0244326893515,16.410773472484728,28.99236646805635,-31.134767072570195,33.13476707257019,0.041666666666666664,0.9583333333333334
cyclonic,0.5,9.822750091552734,201.4304280905065,42.69551044964991,75.42873512771484,-82.58466292173902,84.58466292173902,0.0,1.0
cyclonic,0.5,11.773679733276367,177.02848390173506,74.7925420358986,132.13349093008753,-145.46834836390693,147.46834836390693,0.0,1.0
cyclonic,0.5,13.99103832244873,309.4731491953661,23.226974398971468,41.03432143818293,-44.48606421653408,46.48606421653408,0.041666666666666664,0.9583333333333334
cyclonic,0.5,16.52532196044922,313.8591277877768,16.579912649379292,29.291179013903417,-31.46488141483282,33.464881414832824,0.041666666666666664,0.9583333333333334
cyclonic,0.5,19.42980194091797,197.34519061190278,41.497504864908606,73.31225859467187,-80.19436699675327,82.19436699675327,0.0,1.0
cyclonic,0.5,22.75761604309082,209.90669109558556,3.001180548972423,5.302085636517947,-4.876622910964495,6.876622910964494,0.16666666666666666,0.8333333333333334
cyclonic,0.5,26.558300018310547,170.50952841272175,38.7695856950382,68.49293472790082,-74.87787383140105,76.87787383140105,0.0,1.0
cyclonic,0.5,30.874561309814453,116.83836174458699,29.215943112891562,51.61483283277509,-56.19481699764053,58.19481699764053,0.0,1.0
cyclonic,0.5,35.740203857421875,88.90879270618278,17.348270511035153,30.6486112361621,-32.94486206922756,34.94486206922756,0.041666666666666664,0.9583333333333334
cyclonic,0.5,41.180023193359375,55.409649338145044,9.517531593928908,16.814305815941072,-17.624087943788044,19.624087943788044,0.041666666666666664,0.9583333333333334
cyclonic,0.5,47.21189498901367,50.88922297056337,16.171430852146266,28.569527838791732,-30.655194044205675,32.65519404420567,0.041666666666666664,0.9583333333333334
cyclonic,0.5,53.85063552856445,42.58304319277696,137.16190378314494,242.31936335022274,-267.6085814339517,269.60858143395166,0.0,1.0
cyclonic,0.5,61.11283874511719,48.092603161757204,142.3228692949581,251.43706908775934,-277.5012646544659,279.5012646544659,0.0,1.0
cyclonic,0.5,69.02168273925781,37.483152202260094,29.962240954818274,52.933292353512286,-57.651914503758576,59.651914503758576,0.0,1.0
cyclonic,0.5,77.61116027832031,22.206468952418945,87.19831726043242,154.05036049343062,-169.74595792272225,171.74595792272225,0.0,1.0
cyclonic,0.5,86.92942810058594,48.12304823326344,41.925304858004345,74.06803858247434,-81.0880837898277,83.0880837898277,0.0,1.0
cyclonic,0.5,97.04131317138672,17.23261945079503,284.5457783080558,502.6975416775652,-555.865130146615,557.865130146615,0.0,1.0
cyclonic,0.5,108.03028106689453,36.24922792699593,152.70180617190866,269.7731909037053,-298.0401072361849,300.0401072361849,0.0,1.0
cyclonic,0.5,120.0,32.90947879903832,43.29018221862019,76.47932191956234,-83.77660512423574,85.77660512423573,0.0,1.0
cyclonic,0.5,133.07582092285156,28.43424984501203,8.891825452097295,15.708891632038556,-16.39992917478684,18.39992917478684,0.041666666666666664,0.9583333333333334
cyclonic,0.5,147.40625,41.19336695153855,26.637200642531937,47.059054468473086,-51.1557927207543,53.15579272075429,0.0,1.0
cyclonic,0.5,163.16445922851562,42.72258118894532,19.88583738289649,35.13164604311713,-37.917249749600444,39.917249749600444,0.041666666666666664,0.9583333333333334
cyclonic,0.5,180.5499267578125,30.296557289489133,40.18632701414032,70.99584439164789,-77.6803566951958,79.6803566951958,0.0,1.0
cyclonic,0.5,199.7899627685547,33.70791861580299,15.791883936756633,27.898994954936718,-29.90908599625135,31.909085996251346,0.041666666666666664,0.9583333333333334
cyclonic,0.5,221.14117431640625,36.066435904339556,6.317863798382531,11.16155937714247,-11.365013657979455,13.365013657979453,0.08333333333333333,0.9166666666666666
cyclonic,0.5,244.890625,44.82757344730043,1.2840188794121026,2.268433353628048,-1.5134270605826607,3.5134270605826607,0.375,0.625
cyclonic,0.5,271.35638427734375,51.877636620015586,3.5431929372791533,6.259640855859837,-5.933808476712233,7.933808476712233,0.125,0.875
cyclonic,0.5,300.88751220703125,42.66086082673973,0.5907640870018065,1.0436832203698583,-0.1568967111597191,2.1568967111597193,0.8333333333333334,0.16666666666666666
cyclonic,0.5,333.8628234863281,41.37738527687214,5.842248090828553,10.32130496046378,-10.440924142965397,12.440924142965397,0.08333333333333333,0.9166666666666666
cyclonic,0.5,370.6884765625,44.95217829165699,7.254349933235306,12.816018215382375,-13.19539643173914,15.195396431739141,0.08333333333333333,0.9166666666666666
cyclonic,0.5,411.7938537597656,38.76695585089849,7.785709119533479,13.75475277784248,-14.23959768609209,16.23959768609209,0.08333333333333333,0.9166666666666666
cyclonic,0.5,457.6256103515625,37.022192840130906,19.59136778498721,34.61141642014407,-37.363631761240605,39.363631761240605,0.041666666666666664,0.9583333333333334
cyclonic,0.5,508.639892578125,23.186860659768993,39.08418300515967,69.04872330911543,-75.50710236180942,77.50710236180942,0.0,1.0
cyclonic,0.5,565.2922973632812,29.945438643901877,14.426960835820937,25.48763080995032,-27.249640750731416,29.249640750731416,0.041666666666666664,0.9583333333333334
cyclonic,0.5,628.0260009765625,33.43652802147554,1.4462705293345526,2.5550779351577093,-1.8312098041543265,3.8312098041543265,0.3333333333333333,0.6666666666666666
cyclonic,0.5,697.2586669921875,30.791652830129024,14.077817668556575,24.870811214449947,-26.568915639254595,28.568915639254598,0.041666666666666664,0.9583333333333334
cyclonic,0.5,773.3682861328125,29.38478371022869,12.282399617843936,21.69890599152429,-23.04702422278514,25.04702422278514,0.041666666666666664,0.9583333333333334
cyclonic,0.5,856.678955078125,28.15747661429579,3.2411246533042473,5.7259868875041695,-5.347098940724013,7.347098940724013,0.16666666666666666,0.8333333333333334
cyclonic,0.5,947.4478759765625,42.289335505487,4.3415417951814055,7.67005717148715,-7.499296732687024,9.499296732687023,0.125,0.875
cyclonic,0.5,1045.854248046875,46.23562210436471,0.47606839494436604,0.8410541644017134,0.0683663620324898,1.93163363796751,1.0,0.0
cyclonic,0.5,1151.9912109375,39.7346463213658,2.2672809284872524,4.005529640327479,-3.438480465540729,5.438480465540729,0.20833333333333334,0.7916666666666666
cyclonic,0.5,1265.8614501953125,35.51220788205985,6.883731683289412,12.161259307144627,-12.477734984071116,14.477734984071116,0.08333333333333333,0.9166666666666666
cyclonic,0.5,1387.376953125,20.830751949712432,13.943417770472847,24.63337139450203,-26.30583017748249,28.30583017748249,0.041666666666666664,0.9583333333333334
cyclonic,0.5,1516.3636474609375,24.12171350200455,5.603913364653094,9.900246944220465,-9.968738361908082,11.968738361908082,0.08333333333333333,0.9166666666666666
cyclonic,0.5,1652.5684814453125,36.549625960186425,8.502419281363583,15.020940730408995,-15.636081817384774,17.636081817384774,0.041666666666666664,0.9583333333333334
cyclonic,0.5,1795.6707763671875,54.63964668876887,2.9986573515089416,5.2976279876657975,-4.8694413543440875,6.8694413543440875,0.16666666666666666,0.8333333333333334
cyclonic,0.5,1945.2955322265625,49.391857530764796,2.406120256683816,4.250812453474741,-3.7109807048530277,5.710980704853028,0.20833333333333334,0.7916666666666666
